"Fecha","Último","Apertura","Máximo","Mínimo","Vol.","% var."
"25.11.2022","3,6530","3,6500","3,6710","3,6350","9,08M","0,22%"
"24.11.2022","3,6450","3,5860","3,6600","3,5780","10,30M","1,59%"
"23.11.2022","3,5880","3,6140","3,6210","3,5770","10,96M","-0,47%"
"22.11.2022","3,6050","3,5800","3,6240","3,5740","11,15M","0,36%"
"21.11.2022","3,5920","3,5350","3,6000","3,5350","9,17M","1,44%"
"18.11.2022","3,5410","3,5250","3,5440","3,5060","10,79M","1,26%"
"17.11.2022","3,4970","3,4910","3,5060","3,4560","9,17M","0,29%"
"16.11.2022","3,4870","3,5390","3,5430","3,4630","15,51M","-1,64%"
"15.11.2022","3,5450","3,6050","3,6220","3,5260","16,49M","-1,83%"
"14.11.2022","3,6110","3,6000","3,6500","3,5930","9,99M","0,78%"
"11.11.2022","3,5830","3,6200","3,6260","3,5510","13,07M","-1,13%"
"10.11.2022","3,6240","3,6140","3,6800","3,5960","15,63M","0,36%"
"09.11.2022","3,6110","3,6200","3,6210","3,5810","9,60M","-0,19%"
"08.11.2022","3,6180","3,5900","3,6550","3,5800","11,06M","1,17%"
"07.11.2022","3,5760","3,6390","3,6400","3,5530","14,85M","-1,41%"
"04.11.2022","3,6270","3,5000","3,6360","3,4350","48,52M","3,39%"
"03.11.2022","3,5080","3,5300","3,5390","3,4850","10,56M","-0,88%"
"02.11.2022","3,5390","3,5130","3,5470","3,4810","10,59M","0,97%"
"01.11.2022","3,5050","3,5090","3,5560","3,4900","11,73M","0,57%"
"31.10.2022","3,4850","3,4200","3,4850","3,3900","12,35M","2,11%"
"28.10.2022","3,4130","3,3000","3,4130","3,2950","11,81M","3,27%"
"27.10.2022","3,3050","3,3220","3,3340","3,2920","20,06M","-0,27%"
"26.10.2022","3,3140","3,3100","3,3430","3,2710","13,80M","1,94%"
"25.10.2022","3,2510","3,2930","3,3010","3,2410","11,20M","-0,79%"
"24.10.2022","3,2770","3,2660","3,3150","3,2510","10,95M","0,86%"
"21.10.2022","3,2490","3,3190","3,3200","3,2490","16,35M","-2,40%"
"20.10.2022","3,3290","3,3980","3,4300","3,2970","18,81M","-1,97%"
"19.10.2022","3,3960","3,3820","3,4230","3,3600","10,46M","0,53%"
"18.10.2022","3,3780","3,3570","3,3890","3,3470","8,17M","1,11%"
"17.10.2022","3,3410","3,3180","3,3710","3,3130","10,07M","0,88%"
"14.10.2022","3,3120","3,3250","3,3550","3,2840","10,24M","0,76%"
"13.10.2022","3,2870","3,2740","3,3300","3,2400","11,72M","-0,24%"
"12.10.2022","3,2950","3,3290","3,3310","3,2780","9,62M","-1,26%"
"11.10.2022","3,3370","3,3460","3,3590","3,3050","8,10M","-0,60%"
"10.10.2022","3,3570","3,3500","3,3980","3,3420","7,11M","-0,18%"
"07.10.2022","3,3630","3,3500","3,3950","3,3390","6,38M","-0,03%"
"06.10.2022","3,3640","3,3820","3,4170","3,3570","8,94M","-0,74%"
"05.10.2022","3,3890","3,4860","3,4860","3,3720","14,37M","-3,17%"
"04.10.2022","3,5000","3,4730","3,5170","3,4560","12,55M","0,78%"
"03.10.2022","3,4730","3,3670","3,4830","3,3390","13,40M","2,87%"
"30.09.2022","3,3760","3,3700","3,4270","3,3610","75,86M","0,93%"
"29.09.2022","3,3450","3,4440","3,4440","3,3310","15,48M","-3,32%"
"28.09.2022","3,4600","3,5330","3,5330","3,4230","14,52M","-1,59%"
"27.09.2022","3,5160","3,5540","3,5980","3,5160","14,49M","-1,37%"
"26.09.2022","3,5650","3,6620","3,6770","3,5550","22,43M","-2,62%"
"23.09.2022","3,6610","3,6970","3,7160","3,6320","13,14M","-0,54%"
"22.09.2022","3,6810","3,6600","3,7140","3,6440","12,78M","-0,11%"
"21.09.2022","3,6850","3,7800","3,8030","3,6790","15,91M","-3,08%"
"20.09.2022","3,8020","3,8800","3,8970","3,8020","10,81M","-2,09%"
"19.09.2022","3,8830","3,8670","3,8990","3,8360","7,91M","0,57%"
"16.09.2022","3,8610","3,8900","3,9080","3,8470","25,86M","-1,03%"
"15.09.2022","3,9010","3,9470","3,9610","3,9010","12,61M","-0,71%"
"14.09.2022","3,9290","3,9350","3,9480","3,9030","13,15M","-0,53%"
"13.09.2022","3,9500","3,9540","4,0120","3,9480","12,32M","-0,33%"
"12.09.2022","3,9630","3,9290","3,9790","3,9130","12,44M","0,87%"
"09.09.2022","3,9290","3,8950","3,9630","3,8900","11,41M","0,18%"
"08.09.2022","3,9220","4,0000","4,0100","3,8820","16,78M","-2,19%"
"07.09.2022","4,0100","4,0340","4,0520","4,0100","9,11M","-1,26%"
"06.09.2022","4,0610","4,0860","4,1140","4,0530","11,02M","-0,71%"
"05.09.2022","4,0900","4,1430","4,1430","4,0510","10,60M","-1,92%"
"02.09.2022","4,1700","4,1500","4,1700","4,1030","6,94M","0,58%"
"01.09.2022","4,1460","4,1000","4,1840","4,0930","9,65M","0,73%"
"31.08.2022","4,1160","4,1310","4,1420","4,0870","22,67M","-0,48%"
"30.08.2022","4,1360","4,1410","4,1870","4,1240","6,11M","-0,14%"
"29.08.2022","4,1420","4,1140","4,1570","4,0910","6,85M","-0,05%"
"26.08.2022","4,1440","4,1900","4,2070","4,1110","12,22M","-0,84%"
"25.08.2022","4,1790","4,1940","4,2130","4,1640","6,67M","0,22%"
"24.08.2022","4,1700","4,2320","4,2420","4,1700","11,22M","-1,97%"
"23.08.2022","4,2540","4,3010","4,3050","4,2410","9,47M","-1,25%"
"22.08.2022","4,3080","4,2500","4,3080","4,2260","10,36M","1,36%"
"19.08.2022","4,2500","4,2800","4,2880","4,2320","7,97M","-0,45%"
"18.08.2022","4,2690","4,2550","4,2900","4,2150","9,28M","0,38%"
"17.08.2022","4,2530","4,3490","4,3740","4,2530","10,71M","-2,21%"
"16.08.2022","4,3490","4,2490","4,3660","4,2490","11,49M","2,72%"
"15.08.2022","4,2340","4,2860","4,2980","4,2260","8,29M","-0,91%"
"12.08.2022","4,2730","4,2850","4,3120","4,2550","7,11M","-0,23%"
"11.08.2022","4,2830","4,2800","4,2930","4,2330","8,42M","0,87%"
"10.08.2022","4,2460","4,3000","4,3590","4,2310","11,51M","-1,32%"
"09.08.2022","4,3030","4,2800","4,3350","4,2440","12,75M","0,65%"
"08.08.2022","4,2750","4,3100","4,3160","4,2530","11,44M","-0,16%"
"05.08.2022","4,2820","4,2100","4,3210","4,1770","11,48M","1,71%"
"04.08.2022","4,2100","4,2270","4,2520","4,1770","19,78M","-0,64%"
"03.08.2022","4,2370","4,2770","4,2810","4,2150","13,08M","-1,19%"
"02.08.2022","4,2880","4,2430","4,3380","4,2390","14,21M","1,06%"
"01.08.2022","4,2430","4,3550","4,4110","4,2380","14,61M","-2,62%"
"29.07.2022","4,3570","4,3530","4,4070","4,3250","14,53M","0,35%"
"28.07.2022","4,3420","4,4710","4,6230","4,3340","15,51M","-1,47%"
"27.07.2022","4,4070","4,4350","4,4580","4,3770","13,33M","-0,90%"
"26.07.2022","4,4470","4,4660","4,4660","4,3910","8,79M","-0,45%"
"25.07.2022","4,4670","4,4000","4,4890","4,3860","11,91M","1,87%"
"22.07.2022","4,3850","4,4570","4,4830","4,3520","17,12M","-1,73%"
"21.07.2022","4,4620","4,5300","4,5650","4,4470","19,50M","-2,32%"
"20.07.2022","4,5680","4,6180","4,6550","4,5520","10,44M","-0,95%"
"19.07.2022","4,6120","4,5990","4,6470","4,5800","11,87M","-0,02%"
"18.07.2022","4,6130","4,6580","4,6870","4,6080","13,42M","-0,99%"
"15.07.2022","4,6590","4,7410","4,7480","4,6590","11,70M","-1,50%"
"14.07.2022","4,7300","4,7750","4,8260","4,6880","13,38M","-1,62%"
"13.07.2022","4,8080","4,7640","4,8360","4,7190","10,89M","-0,25%"
"12.07.2022","4,8200","4,7850","4,8350","4,6910","25,93M","0,69%"
"11.07.2022","4,7870","4,6800","4,7880","4,6770","10,20M","1,42%"
"08.07.2022","4,7200","4,7170","4,7290","4,6430","10,13M","-0,08%"
"07.07.2022","4,7240","4,7070","4,7310","4,6440","17,73M","0,72%"
"06.07.2022","4,6900","4,9000","4,9530","4,6900","21,82M","-4,38%"
"05.07.2022","4,9050","4,8840","4,9530","4,8450","26,13M","0,16%"
"04.07.2022","4,8970","4,8800","4,9570","4,8550","10,71M","0,49%"
"01.07.2022","4,8730","4,8390","4,8840","4,8080","13,74M","0,23%"
"30.06.2022","4,8620","4,8150","4,8750","4,8050","14,26M","0,23%"
"29.06.2022","4,8510","4,7600","4,8560","4,7500","19,46M","0,56%"
"28.06.2022","4,8240","4,7420","4,8520","4,7320","20,06M","1,92%"
"27.06.2022","4,7330","4,7050","4,7540","4,6880","23,37M","-0,02%"
"24.06.2022","4,7340","4,6980","4,7400","4,6680","43,25M","0,28%"
"23.06.2022","4,7210","4,6200","4,7640","4,5990","30,03M","1,92%"
"22.06.2022","4,6320","4,5620","4,6470","4,5240","12,74M","2,03%"
"21.06.2022","4,5400","4,5450","4,5910","4,5210","8,49M","0,18%"
"20.06.2022","4,5320","4,4140","4,5630","4,4140","16,56M","3,05%"
"17.06.2022","4,3980","4,4310","4,4580","4,3980","32,56M","-0,72%"
"16.06.2022","4,4300","4,4310","4,4660","4,3670","11,12M","-0,40%"
"15.06.2022","4,4480","4,4180","4,4900","4,4090","10,16M","0,88%"
"14.06.2022","4,4090","4,4250","4,5140","4,4000","9,23M","-0,81%"
"13.06.2022","4,4450","4,4290","4,4810","4,4060","12,94M","-0,85%"
"10.06.2022","4,4830","4,5500","4,5540","4,4340","16,00M","-1,65%"
"09.06.2022","4,5580","4,5990","4,6080","4,5570","11,85M","-1,32%"
"08.06.2022","4,6190","4,6400","4,6470","4,5900","12,37M","-0,39%"
"07.06.2022","4,6370","4,6500","4,6750","4,6120","20,98M","-0,96%"
"06.06.2022","4,6820","4,6680","4,7020","4,6470","108,03M","0,39%"
"03.06.2022","4,6640","4,7300","4,7300","4,6100","12,92M","-1,00%"
"02.06.2022","4,7110","4,7700","4,8000","4,7070","13,59M","-1,24%"
"01.06.2022","4,7700","4,8980","4,8980","4,7640","20,56M","-2,89%"
"31.05.2022","4,9120","4,8072","4,9159","4,8052","37,17M","-0,83%"
"30.05.2022","4,9530","4,9500","4,9730","4,8860","11,54M","0,12%"
"27.05.2022","4,9470","4,9750","4,9780","4,9330","46,76M","-0,10%"
"26.05.2022","4,9520","4,9500","4,9750","4,9170","102,58M","0,65%"
"25.05.2022","4,9200","4,9100","4,9700","4,8840","14,34M","0,72%"
"24.05.2022","4,8850","4,7700","4,9160","4,7290","48,44M","2,24%"
"23.05.2022","4,7780","4,7400","4,7780","4,6950","17,41M","1,83%"
"20.05.2022","4,6920","4,6620","4,7080","4,6310","10,56M","1,10%"
"19.05.2022","4,6410","4,6900","4,7230","4,6200","16,26M","-1,78%"
"18.05.2022","4,7250","4,7820","4,7850","4,7150","10,84M","-1,11%"
"17.05.2022","4,7780","4,7750","4,8040","4,7240","13,37M","0,87%"
"16.05.2022","4,7370","4,7960","4,8060","4,6980","9,84M","-0,84%"
"13.05.2022","4,7770","4,7820","4,8420","4,7330","10,65M","-0,06%"
"12.05.2022","4,7800","4,6200","4,8930","4,6200","22,07M","2,64%"
"11.05.2022","4,6570","4,6090","4,6630","4,5900","9,81M","0,82%"
"10.05.2022","4,6190","4,6560","4,6670","4,6030","16,38M","-0,26%"
"09.05.2022","4,6310","4,7050","4,7320","4,6180","11,58M","-1,82%"
"06.05.2022","4,7170","4,7500","4,7660","4,6870","11,36M","-1,11%"
"05.05.2022","4,7700","4,7380","4,7750","4,7110","14,36M","1,55%"
"04.05.2022","4,6970","4,6850","4,7500","4,6400","","0,19%"
"03.05.2022","4,6880","4,5990","4,6880","4,5800","","1,98%"
"02.05.2022","4,5970","4,6000","4,6900","4,5600","","-0,78%"
"29.04.2022","4,6330","4,7000","4,7060","4,6150","15,54M","-1,49%"
"28.04.2022","4,7030","4,6940","4,7030","4,6300","13,42M","0,19%"
"27.04.2022","4,6940","4,7390","4,7430","4,6700","15,07M","-1,10%"
"26.04.2022","4,7460","4,8580","4,8840","4,7420","16,00M","-1,08%"
"25.04.2022","4,7980","4,7990","4,8660","4,7670","","-0,97%"
"22.04.2022","4,8450","4,8070","4,9000","4,7770","11,61M","0,12%"
"21.04.2022","4,8390","4,8950","4,9320","4,8340","20,49M","-0,94%"
"20.04.2022","4,8850","4,9100","4,9370","4,8530","26,37M","-1,17%"
"19.04.2022","4,9430","4,9900","5,0000","4,9080","18,97M","-1,06%"
"14.04.2022","4,9960","4,9500","5,0000","4,8920","20,32M","1,17%"
"13.04.2022","4,9380","4,8250","4,9530","4,8220","21,09M","2,41%"
"12.04.2022","4,8220","4,6560","4,8270","4,6380","21,30M","3,08%"
"11.04.2022","4,6780","4,6120","4,6930","4,5990","13,41M","1,10%"
"08.04.2022","4,6270","4,5890","4,6300","4,5660","12,52M","1,69%"
"07.04.2022","4,5500","4,5220","4,6120","4,5050","12,77M","0,18%"
"06.04.2022","4,5420","4,4880","4,5420","4,4640","17,16M","1,00%"
"05.04.2022","4,4970","4,4360","4,4970","4,4180","11,01M","1,38%"
"04.04.2022","4,4360","4,4250","4,4360","4,3800","11,32M","0,43%"
"01.04.2022","4,4170","4,3800","4,4240","4,3670","9,80M","0,65%"
"31.03.2022","4,3885","4,4010","4,4325","4,3580","12,83M","-0,53%"
"30.03.2022","4,4120","4,3940","4,4120","4,3415","10,56M","1,29%"
"29.03.2022","4,3560","4,3270","4,4105","4,3150","15,12M","0,97%"
"28.03.2022","4,3140","4,2460","4,3830","4,2425","14,23M","1,76%"
"25.03.2022","4,2395","4,1650","4,2395","4,1650","17,18M","0,87%"
"24.03.2022","4,2030","4,2015","4,2295","4,1630","8,93M","0,27%"
"23.03.2022","4,1915","4,2550","4,2600","4,1850","14,44M","-1,26%"
"22.03.2022","4,2450","4,2200","4,2585","4,1850","9,13M","1,41%"
"21.03.2022","4,1860","4,1500","4,2190","4,1335","14,41M","0,36%"
"18.03.2022","4,1710","4,1890","4,1970","4,1080","61,61M","-0,45%"
"17.03.2022","4,1900","4,1380","4,1970","4,1025","18,77M","1,98%"
"16.03.2022","4,1085","4,0840","4,1280","4,0375","21,99M","1,67%"
"15.03.2022","4,0410","3,9900","4,0500","3,9710","13,87M","0,67%"
"14.03.2022","4,0140","4,0300","4,0680","3,9965","20,66M","0,64%"
"11.03.2022","3,9885","4,0055","4,0710","3,9555","15,20M","-0,34%"
"10.03.2022","4,0020","3,9865","4,0275","3,9255","20,53M","0,82%"
"09.03.2022","3,9695","3,9180","3,9895","3,9050","19,40M","2,96%"
"08.03.2022","3,8555","4,0215","4,0375","3,8525","25,89M","-0,81%"
"07.03.2022","3,8870","3,8600","3,9165","3,7280","22,53M","-1,86%"
"04.03.2022","3,9605","4,1795","4,1935","3,9320","24,99M","-5,43%"
"03.03.2022","4,1880","4,2945","4,3080","4,1700","18,20M","-2,91%"
"02.03.2022","4,3135","4,1930","4,3360","4,1740","26,49M","1,55%"
"01.03.2022","4,2475","4,2700","4,3620","4,2305","22,23M","-0,67%"
"28.02.2022","4,2760","4,2100","4,3000","4,1735","26,21M","0,61%"
"25.02.2022","4,2500","4,1425","4,2890","4,1115","28,76M","2,00%"
"24.02.2022","4,1665","4,1260","4,2925","4,1010","34,19M","-1,77%"
"23.02.2022","4,2415","4,2550","4,2915","4,2210","14,09M","-0,53%"
"22.02.2022","4,2640","4,2165","4,2840","4,1800","22,14M","-0,89%"
"21.02.2022","4,3025","4,3470","4,3800","4,2835","14,96M","-1,52%"
"18.02.2022","4,3690","4,3605","4,4100","4,3320","9,76M","0,17%"
"17.02.2022","4,3615","4,3580","4,4100","4,3275","12,97M","-0,51%"
"16.02.2022","4,3840","4,3925","4,4260","4,3625","10,99M","-0,66%"
"15.02.2022","4,4130","4,3470","4,4130","4,3395","16,48M","0,78%"
"14.02.2022","4,3790","4,3600","4,4065","4,3200","20,57M","-0,91%"
"11.02.2022","4,4190","4,3720","4,4460","4,3665","20,28M","0,48%"
"10.02.2022","4,3980","4,3605","4,4330","4,3100","16,59M","1,05%"
"09.02.2022","4,3525","4,3030","4,3720","4,2470","17,44M","1,27%"
"08.02.2022","4,2980","4,2160","4,3125","4,2130","28,21M","2,53%"
"07.02.2022","4,1920","4,1835","4,2165","4,1225","22,08M","0,67%"
"04.02.2022","4,1640","4,2010","4,2225","4,1370","15,67M","-0,61%"
"03.02.2022","4,1895","4,1470","4,2210","4,1320","15,16M","1,17%"
"02.02.2022","4,1410","4,1045","4,1575","4,0845","10,91M","1,05%"
"01.02.2022","4,0980","4,1575","4,1575","4,0720","14,50M","-0,74%"
"31.01.2022","4,1285","4,2000","4,2320","4,1200","21,50M","-0,83%"
"28.01.2022","4,1630","4,1550","4,1800","4,1170","17,18M","0,39%"
"27.01.2022","4,1470","4,0845","4,1830","4,0780","20,01M","1,27%"
"26.01.2022","4,0950","4,1000","4,1460","4,0845","16,95M","0,01%"
"25.01.2022","4,0945","4,0305","4,0990","3,9810","18,28M","1,80%"
"24.01.2022","4,0220","4,0000","4,1435","3,9870","38,96M","0,46%"
"21.01.2022","4,0035","3,9670","4,0265","3,9500","20,52M","-0,24%"
"20.01.2022","4,0130","4,0180","4,0385","3,9890","18,85M","-0,36%"
"19.01.2022","4,0275","4,0225","4,0800","4,0170","14,73M","-0,92%"
"18.01.2022","4,0650","3,9885","4,0865","3,9855","16,96M","1,50%"
"17.01.2022","4,0050","4,0295","4,0410","3,9935","12,21M","-0,67%"
"14.01.2022","4,0320","4,0010","4,0320","3,9660","11,76M","0,35%"
"13.01.2022","4,0180","3,9800","4,0180","3,9435","9,45M","1,06%"
"12.01.2022","3,9760","3,9800","3,9880","3,9475","36,46M","-0,18%"
"11.01.2022","3,9830","4,0010","4,0230","3,9605","12,01M","-1,02%"
"10.01.2022","4,0240","3,9130","4,0735","3,9010","21,96M","2,94%"
"07.01.2022","3,9090","3,9090","3,9145","3,8735","13,77M","0,09%"
"06.01.2022","3,9055","3,8150","3,9105","3,8105","13,53M","1,56%"
"05.01.2022","3,8455","3,8430","3,8660","3,8090","17,67M","-0,13%"
"04.01.2022","3,8505","3,8630","3,8995","3,8275","13,58M","-0,13%"
"03.01.2022","3,8555","3,8390","3,8715","3,8120","9,40M","0,09%"
"30.12.2021","3,8520","3,8890","3,8900","3,8445","17,05M","-1,61%"
"29.12.2021","3,9150","3,9120","3,9300","3,9005","13,89M","-0,42%"
"28.12.2021","3,9315","3,8860","3,9575","3,8850","11,02M","0,77%"
"27.12.2021","3,9015","3,8550","3,9285","3,8535","9,16M","0,00%"
"23.12.2021","3,9015","3,8815","3,9230","3,8760","12,66M","0,37%"
"22.12.2021","3,8870","3,8615","3,8870","3,8425","7,08M","0,31%"
"21.12.2021","3,8750","3,8550","3,9400","3,8390","40,86M","1,19%"
"20.12.2021","3,8295","3,7910","3,8505","3,7720","11,59M","-0,67%"
"17.12.2021","3,8555","3,8190","3,8555","3,7895","35,38M","0,85%"
"16.12.2021","3,8230","3,8540","3,8545","3,7515","15,70M","-0,33%"
"15.12.2021","3,8355","3,8500","3,8685","3,8165","42,51M","-0,51%"
"14.12.2021","3,8550","3,7000","3,8705","3,6955","20,36M","4,41%"
"13.12.2021","3,6920","3,7130","3,7300","3,6720","58,57M","-0,87%"
"10.12.2021","3,7245","3,6860","3,7245","3,6590","10,05M","0,78%"
"09.12.2021","3,6955","3,7025","3,7230","3,6840","10,91M","-0,36%"
"08.12.2021","3,7090","3,7400","3,7580","3,7080","12,43M","-1,44%"
"07.12.2021","3,7630","3,7800","3,7870","3,7355","16,50M","0,01%"
"06.12.2021","3,7625","3,7100","3,7805","3,6895","18,02M","2,53%"
"03.12.2021","3,6695","3,7025","3,7060","3,6525","55,84M","-0,56%"
"02.12.2021","3,6900","3,7865","3,7975","3,6900","77,09M","-3,91%"
"01.12.2021","3,8400","3,8500","3,8790","3,7900","21,80M","-0,22%"
"30.11.2021","3,8485","3,7970","3,8663","3,7748","118,09M","0,88%"
"29.11.2021","3,8148","3,7893","3,8422","3,7584","18,57M","1,34%"
"26.11.2021","3,7642","3,7724","3,8051","3,7079","42,14M","-2,88%"
"25.11.2021","3,8759","3,8817","3,8904","3,8413","14,79M","-0,47%"
"24.11.2021","3,8942","3,8870","3,9144","3,8620","13,85M","0,19%"
"23.11.2021","3,8870","3,9313","3,9770","3,8475","70,26M","-4,37%"
"22.11.2021","4,0647","3,8774","4,0830","3,8750","63,35M","6,39%"
"19.11.2021","3,8206","3,8364","3,8596","3,7637","33,20M","0,56%"
"18.11.2021","3,7994","3,7609","3,8398","3,7556","32,10M","0,75%"
"17.11.2021","3,7710","3,7556","3,7777","3,7315","9,81M","0,41%"
"16.11.2021","3,7556","3,7637","3,8364","3,7546","45,30M","-0,22%"
"15.11.2021","3,7637","3,8133","3,8254","3,7459","11,73M","-1,30%"
"12.11.2021","3,8133","3,7888","3,8172","3,7782","10,05M","0,38%"
"11.11.2021","3,7989","3,7729","3,8071","3,7565","12,77M","0,38%"
"10.11.2021","3,7844","3,6650","3,7941","3,6646","17,97M","2,95%"
"09.11.2021","3,6761","3,6198","3,7103","3,6169","13,11M","1,54%"
"08.11.2021","3,6203","3,6361","3,6525","3,6082","13,08M","-0,17%"
"05.11.2021","3,6265","3,5341","3,6621","3,5129","22,57M","2,78%"
"04.11.2021","3,5283","3,5726","3,6203","3,4797","33,79M","-2,35%"
"03.11.2021","3,6130","3,6265","3,6304","3,5745","13,81M","-0,37%"
"02.11.2021","3,6265","3,6723","3,6742","3,6150","17,46M","-1,32%"
"01.11.2021","3,6751","3,6217","3,7021","3,6101","12,83M","1,38%"
"29.10.2021","3,6251","3,6015","3,6342","3,5764","16,10M","0,63%"
"28.10.2021","3,6024","3,6564","3,6564","3,6024","15,07M","-1,90%"
"27.10.2021","3,6723","3,6602","3,6723","3,6289","17,11M","0,01%"
"26.10.2021","3,6718","3,6530","3,6848","3,6077","12,18M","-0,25%"
"25.10.2021","3,6809","3,6400","3,6987","3,6044","14,24M","1,35%"
"22.10.2021","3,6318","3,6405","3,6785","3,6251","11,46M","-0,50%"
"21.10.2021","3,6501","3,6915","3,7252","3,6501","19,93M","-1,20%"
"20.10.2021","3,6944","3,6111","3,7103","3,6015","34,81M","2,62%"
"19.10.2021","3,6000","3,6111","3,6439","3,5760","16,73M","-0,72%"
"18.10.2021","3,6260","3,6602","3,6800","3,5976","16,69M","-0,83%"
"15.10.2021","3,6564","3,7897","3,7926","3,6289","41,04M","-3,67%"
"14.10.2021","3,7955","3,8379","3,8557","3,7897","28,79M","-0,64%"
"13.10.2021","3,8201","3,8610","3,8639","3,8143","17,40M","-1,50%"
"12.10.2021","3,8783","3,8350","3,8783","3,7912","11,54M","0,94%"
"11.10.2021","3,8422","3,8692","3,8793","3,8340","9,05M","-0,88%"
"08.10.2021","3,8764","3,8663","3,8889","3,8466","10,85M","0,00%"
"07.10.2021","3,8764","3,8519","3,9303","3,8519","11,94M","0,78%"
"06.10.2021","3,8466","3,9159","3,9159","3,8355","13,32M","-1,78%"
"05.10.2021","3,9164","3,8923","3,9318","3,8841","11,43M","0,15%"
"04.10.2021","3,9106","3,8519","3,9308","3,8374","19,29M","1,59%"
"01.10.2021","3,8494","3,8880","3,8880","3,8259","20,79M","-1,22%"
"30.09.2021","3,8971","3,9501","3,9621","3,8889","21,79M","-0,87%"
"29.09.2021","3,9313","3,9987","3,9987","3,8822","17,82M","-1,74%"
"28.09.2021","4,0011","4,0271","4,1013","3,9905","13,83M","-0,48%"
"27.09.2021","4,0204","3,9655","4,0233","3,9327","10,30M","1,87%"
"24.09.2021","3,9467","3,9116","3,9515","3,9039","11,42M","0,65%"
"23.09.2021","3,9212","3,9429","3,9462","3,9029","11,10M","-0,01%"
"22.09.2021","3,9217","3,9477","3,9664","3,9116","16,80M","0,51%"
"21.09.2021","3,9019","3,9481","3,9669","3,8576","17,45M","-1,59%"
"20.09.2021","3,9650","3,9674","3,9756","3,9303","17,25M","-1,29%"
"17.09.2021","4,0170","3,9722","4,0396","3,9722","25,86M","0,75%"
"16.09.2021","3,9871","3,9751","4,0266","3,9741","10,00M","0,13%"
"15.09.2021","3,9819","3,9785","4,0127","3,9616","12,71M","-0,35%"
"14.09.2021","3,9958","4,0021","4,0372","3,9766","7,37M","-0,28%"
"13.09.2021","4,0069","3,9544","4,0473","3,9544","8,62M","0,98%"
"10.09.2021","3,9679","4,0339","4,0425","3,9414","10,46M","-1,29%"
"09.09.2021","4,0199","4,0517","4,0589","3,9944","9,23M","-1,20%"
"08.09.2021","4,0685","4,0454","4,0724","4,0054","10,34M","0,39%"
"07.09.2021","4,0526","4,0334","4,0777","3,9997","12,38M","1,41%"
"06.09.2021","3,9963","4,0064","4,0151","3,9713","8,20M","0,65%"
"03.09.2021","3,9703","4,0252","4,0454","3,9703","13,37M","-1,68%"
"02.09.2021","4,0382","4,0733","4,1017","4,0358","10,96M","-0,87%"
"01.09.2021","4,0738","4,0517","4,1099","4,0517","10,26M","1,17%"
"31.08.2021","4,0266","4,0907","4,1017","4,0035","21,05M","-1,77%"
"30.08.2021","4,0993","4,1099","4,1162","4,0897","5,15M","-0,44%"
"27.08.2021","4,1176","4,0892","4,1191","4,0719","6,95M","0,59%"
"26.08.2021","4,0936","4,1306","4,1475","4,0936","6,52M","-1,25%"
"25.08.2021","4,1456","4,1114","4,1460","4,1017","9,49M","1,19%"
"24.08.2021","4,0969","4,0854","4,1090","4,0608","10,19M","0,07%"
"23.08.2021","4,0940","4,1191","4,1311","4,0762","6,37M","-0,13%"
"20.08.2021","4,0993","4,0815","4,1099","4,0671","9,96M","0,26%"
"19.08.2021","4,0887","4,0926","4,1330","4,0449","9,79M","-1,24%"
"18.08.2021","4,1403","4,0926","4,1407","4,0863","9,77M","1,12%"
"17.08.2021","4,0945","4,0637","4,1143","4,0300","9,88M","-0,11%"
"16.08.2021","4,0989","4,1022","4,1162","4,0589","9,75M","-0,64%"
"13.08.2021","4,1253","4,1220","4,1619","4,0926","12,10M","0,07%"
"12.08.2021","4,1224","4,0887","4,1350","4,0786","19,29M","0,76%"
"11.08.2021","4,0911","4,0377","4,0984","4,0252","13,31M","1,37%"
"10.08.2021","4,0358","4,0074","4,0367","3,9674","17,24M","0,90%"
"09.08.2021","3,9997","3,9226","4,0001","3,9226","10,70M","1,61%"
"06.08.2021","3,9361","3,9043","3,9559","3,8389","11,43M","0,85%"
"05.08.2021","3,9029","3,9010","3,9395","3,8783","14,83M","-0,11%"
"04.08.2021","3,9072","3,9000","3,9804","3,8909","17,28M","0,35%"
"03.08.2021","3,8937","3,8037","3,9106","3,7936","17,38M","2,85%"
"02.08.2021","3,7859","3,7363","3,7950","3,7271","12,28M","1,69%"
"30.07.2021","3,7228","3,6313","3,7479","3,6313","20,16M","2,19%"
"29.07.2021","3,6429","3,7074","3,7204","3,5764","22,11M","-0,83%"
"28.07.2021","3,6732","3,6593","3,6997","3,6405","9,47M","-0,12%"
"27.07.2021","3,6776","3,6410","3,6824","3,6164","8,11M","0,10%"
"26.07.2021","3,6737","3,5962","3,6761","3,5769","11,10M","1,45%"
"23.07.2021","3,6212","3,5938","3,6390","3,5716","7,42M","1,36%"
"22.07.2021","3,5726","3,5822","3,6231","3,5716","8,76M","0,12%"
"21.07.2021","3,5683","3,5023","3,6073","3,4845","10,60M","1,74%"
"20.07.2021","3,5071","3,5167","3,5529","3,4614","7,80M","0,26%"
"19.07.2021","3,4980","3,5630","3,5702","3,4671","14,08M","-2,23%"
"16.07.2021","3,5779","3,5384","3,5856","3,5355","10,02M","0,68%"
"15.07.2021","3,5538","3,6111","3,6236","3,5341","8,88M","-1,98%"
"14.07.2021","3,6256","3,6313","3,6467","3,6000","8,43M","-0,23%"
"13.07.2021","3,6337","3,6766","3,6780","3,6183","7,77M","-0,57%"
"12.07.2021","3,6544","3,6395","3,6578","3,5967","14,12M","0,82%"
"09.07.2021","3,6246","3,5909","3,6361","3,5548","10,92M","1,09%"
"08.07.2021","3,5856","3,6159","3,6169","3,5442","16,73M","-1,29%"
"07.07.2021","3,6323","3,6718","3,6896","3,6212","14,14M","-1,04%"
"06.07.2021","3,6703","3,7575","3,7753","3,6602","11,72M","-2,57%"
"05.07.2021","3,7671","3,8037","3,8090","3,7469","13,82M","-1,05%"
"02.07.2021","3,8071","3,8157","3,8374","3,7820","9,46M","-0,25%"
"01.07.2021","3,8167","3,7883","3,8326","3,7869","9,03M","0,57%"
"30.06.2021","3,7950","3,7589","3,8032","3,7117","14,89M","0,78%"
"29.06.2021","3,7657","3,7320","3,7753","3,7089","13,60M","1,66%"
"28.06.2021","3,7040","3,7787","3,7926","3,7040","11,54M","-2,12%"
"25.06.2021","3,7844","3,7897","3,8129","3,7753","7,83M","0,00%"
"24.06.2021","3,7844","3,7748","3,7979","3,7397","9,93M","0,94%"
"23.06.2021","3,7493","3,8210","3,8567","3,7493","31,59M","-2,35%"
"22.06.2021","3,8393","3,8519","3,8653","3,7999","9,54M","0,13%"
"21.06.2021","3,8345","3,8013","3,8571","3,7753","10,35M","0,40%"
"18.06.2021","3,8191","3,8615","3,8745","3,7705","36,11M","-1,75%"
"17.06.2021","3,8870","3,8817","3,9481","3,8740","9,70M","-0,57%"
"16.06.2021","3,9091","3,9448","3,9530","3,9000","9,85M","-0,65%"
"15.06.2021","3,9347","3,9597","3,9616","3,8952","12,26M","-0,63%"
"14.06.2021","3,9597","3,9289","3,9949","3,9289","9,43M","0,80%"
"11.06.2021","3,9284","3,9491","3,9501","3,8894","9,00M","-0,46%"
"10.06.2021","3,9467","3,8615","3,9467","3,8480","21,99M","3,31%"
"09.06.2021","3,8201","3,7941","3,8600","3,7888","15,77M","0,61%"
"08.06.2021","3,7970","3,7714","3,8263","3,7392","14,75M","1,22%"
"07.06.2021","3,7512","3,6785","3,7806","3,6612","46,87M","1,98%"
"04.06.2021","3,6785","3,7252","3,7324","3,6665","15,19M","-1,42%"
"03.06.2021","3,7315","3,7113","3,7320","3,6689","18,29M","0,99%"
"02.06.2021","3,6949","3,7363","3,7464","3,6857","68,92M","-0,74%"
"01.06.2021","3,7223","3,7652","3,7825","3,6886","19,58M","-0,41%"
"31.05.2021","3,7376","3,7747","3,7975","3,7376","33,74M","-0,31%"
"28.05.2021","3,7492","3,8003","3,8045","3,7469","15,17M","-0,30%"
"27.05.2021","3,7603","3,8463","3,8863","3,7603","79,91M","-2,24%"
"26.05.2021","3,8463","3,8473","3,9049","3,8310","38,91M","0,25%"
"25.05.2021","3,8366","3,8779","3,8817","3,8310","47,37M","-0,92%"
"24.05.2021","3,8724","3,8965","3,9123","3,8593","13,57M","-0,37%"
"21.05.2021","3,8868","3,8663","3,9063","3,8417","24,19M","1,00%"
"20.05.2021","3,8482","3,9030","3,9040","3,8096","14,99M","-0,55%"
"19.05.2021","3,8696","3,8491","3,8910","3,8087","16,65M","0,37%"
"18.05.2021","3,8552","3,8752","3,8835","3,7892","18,63M","-0,08%"
"17.05.2021","3,8584","3,7720","3,8640","3,7654","23,35M","3,47%"
"14.05.2021","3,7292","3,6864","3,7413","3,6492","14,89M","2,37%"
"13.05.2021","3,6427","3,7041","3,8263","3,5893","24,05M","-0,46%"
"12.05.2021","3,6595","3,6776","3,6911","3,6362","13,39M","-0,33%"
"11.05.2021","3,6715","3,7729","3,7747","3,6590","16,46M","-2,91%"
"10.05.2021","3,7817","3,6706","3,7989","3,6636","20,73M","3,97%"
"07.05.2021","3,6371","3,7050","3,7162","3,6362","13,65M","-1,56%"
"06.05.2021","3,6948","3,6618","3,7087","3,6455","10,33M","0,97%"
"05.05.2021","3,6595","3,6855","3,6901","3,6376","9,87M","0,78%"
"04.05.2021","3,6311","3,6013","3,7129","3,5888","19,68M","1,31%"
"03.05.2021","3,5841","3,5823","3,5944","3,5400","7,91M","0,04%"
"30.04.2021","3,5828","3,5795","3,6339","3,5762","16,23M","0,22%"
"29.04.2021","3,5749","3,5916","3,6018","3,5595","12,72M","0,05%"
"28.04.2021","3,5730","3,5632","3,6046","3,5544","10,26M","0,99%"
"27.04.2021","3,5381","3,5088","3,5572","3,4958","15,96M","0,90%"
"26.04.2021","3,5065","3,4326","3,5126","3,4056","15,94M","2,82%"
"23.04.2021","3,4103","3,4307","3,4591","3,3935","45,78M","-0,69%"
"22.04.2021","3,4340","3,4400","3,4526","3,4001","12,70M","-0,26%"
"21.04.2021","3,4428","3,4354","3,4735","3,4001","10,94M","0,49%"
"20.04.2021","3,4261","3,4968","3,4968","3,4094","16,66M","-2,07%"
"19.04.2021","3,4986","3,4958","3,5163","3,4628","13,84M","0,29%"
"16.04.2021","3,4884","3,4400","3,4884","3,4214","15,92M","1,56%"
"15.04.2021","3,4349","3,5005","3,5195","3,4326","13,87M","-1,11%"
"14.04.2021","3,4735","3,4865","3,4865","3,4233","17,30M","-0,03%"
"13.04.2021","3,4744","3,5330","3,5460","3,4507","17,94M","-1,92%"
"12.04.2021","3,5423","3,5265","3,5656","3,4986","22,96M","0,26%"
"09.04.2021","3,5330","3,5604","3,5702","3,5167","9,91M","-0,47%"
"08.04.2021","3,5497","3,5590","3,5711","3,5074","13,94M","0,32%"
"07.04.2021","3,5386","3,5372","3,6055","3,5358","22,39M","0,69%"
"06.04.2021","3,5144","3,5497","3,5730","3,5102","34,42M","-0,05%"
"01.04.2021","3,5163","3,5470","3,5828","3,5158","16,30M","-0,92%"
"31.03.2021","3,5488","3,6065","3,6483","3,5488","25,96M","-0,55%"
"30.03.2021","3,5683","3,6260","3,6799","3,5683","26,69M","-1,01%"
"29.03.2021","3,6046","3,7143","3,7441","3,5330","29,44M","-3,72%"
"26.03.2021","3,7441","3,7431","3,7738","3,7115","10,47M","0,98%"
"25.03.2021","3,7078","3,6864","3,7552","3,6669","18,12M","-0,37%"
"24.03.2021","3,7217","3,7320","3,7329","3,6492","34,92M","-0,87%"
"23.03.2021","3,7543","3,7004","3,7710","3,6613","22,75M","1,38%"
"22.03.2021","3,7032","3,7348","3,7348","3,6734","15,67M","-1,31%"
"19.03.2021","3,7524","3,7840","3,8110","3,7385","31,05M","-2,11%"
"18.03.2021","3,8333","3,8212","3,8454","3,7692","16,35M","0,73%"
"17.03.2021","3,8054","3,8110","3,8445","3,7515","13,84M","-0,10%"
"16.03.2021","3,8091","3,8119","3,8380","3,7664","16,29M","0,66%"
"15.03.2021","3,7840","3,7385","3,8473","3,7292","29,19M","1,75%"
"12.03.2021","3,7190","3,6892","3,7190","3,6455","15,67M","0,73%"
"11.03.2021","3,6920","3,6911","3,6985","3,6492","12,16M","0,84%"
"10.03.2021","3,6613","3,5358","3,7004","3,5330","25,83M","3,39%"
"09.03.2021","3,5414","3,6074","3,6185","3,4958","15,75M","-1,88%"
"08.03.2021","3,6093","3,6074","3,6232","3,5702","11,42M","0,73%"
"05.03.2021","3,5832","3,5228","3,5962","3,5005","16,18M","1,45%"
"04.03.2021","3,5321","3,4084","3,5497","3,4066","22,86M","3,18%"
"03.03.2021","3,4233","3,4493","3,4782","3,3889","13,17M","-0,43%"
"02.03.2021","3,4382","3,4159","3,4475","3,3973","11,54M","0,68%"
"01.03.2021","3,4149","3,3182","3,4345","3,3015","15,80M","4,17%"
"26.02.2021","3,2783","3,3657","3,3917","3,2708","26,82M","-3,90%"
"25.02.2021","3,4112","3,4772","3,5758","3,3777","30,87M","0,80%"
"24.02.2021","3,3843","3,3694","3,3973","3,3034","14,37M","0,55%"
"23.02.2021","3,3657","3,3471","3,4391","3,3471","24,18M","-1,47%"
"22.02.2021","3,4159","3,4493","3,4503","3,3424","16,79M","-1,61%"
"19.02.2021","3,4716","3,4809","3,5098","3,4447","28,64M","-0,35%"
"18.02.2021","3,4837","3,5265","3,5265","3,4679","9,61M","-0,98%"
"17.02.2021","3,5181","3,5051","3,5349","3,4726","13,76M","-0,16%"
"16.02.2021","3,5237","3,5981","3,5990","3,5079","8,36M","-1,64%"
"15.02.2021","3,5823","3,5265","3,6139","3,4921","13,01M","2,39%"
"12.02.2021","3,4986","3,4716","3,5005","3,4242","10,52M","0,48%"
"11.02.2021","3,4819","3,4940","3,5088","3,4456","7,54M","-0,48%"
"10.02.2021","3,4986","3,4763","3,5191","3,4475","9,15M","1,18%"
"09.02.2021","3,4577","3,5181","3,5181","3,4475","10,58M","-2,26%"
"08.02.2021","3,5377","3,5470","3,5981","3,5349","9,16M","0,11%"
"05.02.2021","3,5339","3,5070","3,5553","3,4716","11,65M","0,93%"
"04.02.2021","3,5014","3,4707","3,5172","3,4382","15,29M","1,15%"
"03.02.2021","3,4614","3,3935","3,4698","3,3722","24,43M","3,24%"
"02.02.2021","3,3526","3,3703","3,3843","3,3015","37,35M","0,59%"
"01.02.2021","3,3331","3,3266","3,3517","3,2801","15,51M","0,87%"
"29.01.2021","3,3043","3,3285","3,4131","3,3015","18,07M","-1,63%"
"28.01.2021","3,3591","3,3973","3,4596","3,3182","15,81M","-2,59%"
"27.01.2021","3,4484","3,4001","3,5256","3,3657","14,82M","1,45%"
"26.01.2021","3,3991","3,3136","3,4252","3,3099","8,21M","1,92%"
"25.01.2021","3,3350","3,3982","3,4159","3,2922","10,06M","-1,37%"
"22.01.2021","3,3815","3,3935","3,4410","3,3564","14,34M","-1,03%"
"21.01.2021","3,4168","3,5153","3,5423","3,4094","17,49M","-2,57%"
"20.01.2021","3,5070","3,4949","3,5209","3,4568","7,54M","0,56%"
"19.01.2021","3,4875","3,4893","3,5442","3,4809","10,80M","0,43%"
"18.01.2021","3,4726","3,4828","3,4828","3,4214","21,75M","-0,40%"
"15.01.2021","3,4865","3,5470","3,5972","3,4651","21,68M","-2,22%"
"14.01.2021","3,5656","3,6037","3,6232","3,5330","22,55M","-2,84%"
"13.01.2021","3,6697","3,5330","3,7190","3,4875","40,97M","9,67%"
"12.01.2021","3,3461","3,3285","3,3629","3,3127","30,01M","1,27%"
"11.01.2021","3,3043","3,3099","3,3443","3,2820","15,97M","-0,36%"
"08.01.2021","3,3164","3,3629","3,3712","3,2950","17,52M","-0,47%"
"07.01.2021","3,3322","3,2643","3,3452","3,1937","65,79M","2,78%"
"06.01.2021","3,2420","3,1146","3,2913","3,0970","21,50M","4,94%"
"05.01.2021","3,0895","3,0607","3,1444","3,0347","11,14M","0,73%"
"04.01.2021","3,0672","3,0747","3,1276","3,0114","14,70M","1,66%"
"31.12.2020","3,0170","3,0217","3,0365","2,9966","8,56M","-0,79%"
"30.12.2020","3,0412","3,0598","3,0747","3,0226","13,61M","-0,64%"
"29.12.2020","3,0607","3,0709","3,1007","3,0040","23,75M","0,34%"
"28.12.2020","3,0505","3,1853","3,1871","3,0505","12,39M","-1,71%"
"24.12.2020","3,1035","3,0858","3,1342","3,0747","5,34M","1,27%"
"23.12.2020","3,0644","2,9817","3,0681","2,9752","36,65M","2,94%"
"22.12.2020","2,9770","2,9352","2,9770","2,9036","49,02M","1,39%"
"21.12.2020","2,9361","3,0217","3,0310","2,9240","33,80M","-4,97%"
"18.12.2020","3,0895","3,1025","3,1323","3,0709","36,16M","-1,07%"
"17.12.2020","3,1230","3,1797","3,1927","3,1165","20,38M","-1,98%"
"16.12.2020","3,1862","3,2364","3,2764","3,1620","21,00M","-1,18%"
"15.12.2020","3,2243","3,2727","3,2773","3,2048","23,09M","-1,64%"
"14.12.2020","3,2783","3,3285","3,3731","3,2783","52,01M","-0,62%"
"11.12.2020","3,2987","3,4112","3,4112","3,2550","31,98M","-4,69%"
"10.12.2020","3,4611","3,4602","3,5382","3,4351","48,71M","0,13%"
"09.12.2020","3,4566","3,3795","3,4898","3,3643","19,70M","2,53%"
"08.12.2020","3,3715","3,4279","3,4477","3,3437","20,74M","-2,18%"
"07.12.2020","3,4468","3,4477","3,4781","3,3975","16,27M","1,59%"
"04.12.2020","3,3930","3,2917","3,4441","3,2809","29,47M","3,22%"
"03.12.2020","3,2872","3,3347","3,3526","3,2442","20,49M","-1,87%"
"02.12.2020","3,3500","3,2989","3,3500","3,2451","18,24M","1,55%"
"01.12.2020","3,2989","3,3365","3,3804","3,2729","26,21M","0,63%"
"30.11.2020","3,2782","3,3249","3,3338","3,2576","30,60M","-2,11%"
"27.11.2020","3,3491","3,2720","3,3867","3,2720","18,76M","1,11%"
"26.11.2020","3,3123","3,3258","3,3302","3,2666","16,61M","-0,38%"
"25.11.2020","3,3249","3,2271","3,3661","3,2101","44,60M","3,26%"
"24.11.2020","3,2200","3,0210","3,2200","3,0030","34,24M","8,98%"
"23.11.2020","2,9546","3,0712","3,0945","2,9251","34,20M","-3,79%"
"20.11.2020","3,0712","3,1034","3,1276","3,0640","56,71M","-1,10%"
"19.11.2020","3,1052","3,1563","3,1644","3,0999","19,38M","-3,19%"
"18.11.2020","3,2074","3,1536","3,2137","3,1339","18,58M","1,71%"
"17.11.2020","3,1536","3,1339","3,1536","3,0685","18,91M","0,57%"
"16.11.2020","3,1357","3,0810","3,2236","3,0443","28,85M","3,86%"
"13.11.2020","3,0192","2,9770","3,0523","2,9699","16,39M","0,81%"
"12.11.2020","2,9950","2,9797","3,0514","2,9412","21,48M","-0,03%"
"11.11.2020","2,9959","3,0479","3,0837","2,9546","25,55M","-1,30%"
"10.11.2020","3,0353","2,8506","3,0353","2,7807","42,03M","6,61%"
"09.11.2020","2,8471","2,5512","2,8623","2,5288","48,93M","13,67%"
"06.11.2020","2,5046","2,5737","2,6203","2,5046","21,99M","-3,46%"
"05.11.2020","2,5943","2,5996","2,6239","2,5629","14,26M","0,28%"
"04.11.2020","2,5871","2,5468","2,5907","2,5055","18,48M","-0,10%"
"03.11.2020","2,5898","2,5988","2,6203","2,5584","17,01M","0,17%"
"02.11.2020","2,5853","2,5217","2,5943","2,4670","18,28M","2,78%"
"30.10.2020","2,5154","2,5055","2,5593","2,4652","20,95M","-0,28%"
"29.10.2020","2,5226","2,6355","2,6902","2,4302","50,79M","-5,22%"
"28.10.2020","2,6615","2,6534","2,6920","2,6059","27,84M","-0,87%"
"27.10.2020","2,6848","2,7673","2,7673","2,6696","18,27M","-2,38%"
"26.10.2020","2,7502","2,7126","2,8148","2,6983","13,75M","-0,23%"
"23.10.2020","2,7565","2,6830","2,7673","2,6714","18,19M","2,36%"
"22.10.2020","2,6929","2,6714","2,6974","2,6382","16,99M","0,13%"
"21.10.2020","2,6893","2,7225","2,7386","2,6525","22,35M","-0,79%"
"20.10.2020","2,7108","2,6956","2,7395","2,6247","21,52M","0,57%"
"19.10.2020","2,6956","2,7386","2,7942","2,6579","13,69M","-1,47%"
"16.10.2020","2,7359","2,7538","2,7852","2,6803","13,51M","0,00%"
"15.10.2020","2,7359","2,7054","2,7467","2,6633","18,36M","-0,72%"
"14.10.2020","2,7556","2,7485","2,7852","2,7081","10,12M","0,56%"
"13.10.2020","2,7404","2,8130","2,8255","2,7269","21,79M","-2,49%"
"12.10.2020","2,8103","2,8892","2,9197","2,7834","23,14M","-1,66%"
"09.10.2020","2,8578","2,9026","2,9385","2,8480","14,92M","-1,42%"
"08.10.2020","2,8991","2,8444","2,9259","2,8363","14,65M","2,80%"
"07.10.2020","2,8202","2,9215","2,9277","2,8076","21,85M","-2,96%"
"06.10.2020","2,9062","2,8327","2,9717","2,7789","30,26M","3,28%"
"05.10.2020","2,8139","2,6283","2,8193","2,6212","27,89M","8,32%"
"02.10.2020","2,5979","2,5817","2,6328","2,5593","21,78M","0,49%"
"01.10.2020","2,5853","2,6714","2,7404","2,5853","26,47M","-1,80%"
"30.09.2020","2,6328","2,5674","2,6642","2,5566","23,93M","2,23%"
"29.09.2020","2,5754","2,6803","2,6803","2,5754","19,01M","-3,75%"
"28.09.2020","2,6758","2,6875","2,7171","2,6400","21,32M","0,84%"
"25.09.2020","2,6534","2,6920","2,7377","2,6445","23,64M","-0,54%"
"24.09.2020","2,6678","2,6212","2,7332","2,6041","19,76M","0,74%"
"23.09.2020","2,6481","2,7350","2,7431","2,6481","38,18M","-2,38%"
"22.09.2020","2,7126","2,7305","2,7771","2,6472","40,32M","1,10%"
"21.09.2020","2,6830","2,7789","2,7789","2,6624","32,12M","-3,61%"
"18.09.2020","2,7834","2,8883","2,8937","2,7834","217,97M","-4,05%"
"17.09.2020","2,9008","2,8910","2,9152","2,8291","18,82M","-0,46%"
"16.09.2020","2,9143","2,9179","2,9376","2,8820","18,76M","-0,97%"
"15.09.2020","2,9430","2,9421","2,9484","2,8838","25,22M","0,09%"
"14.09.2020","2,9403","2,9421","2,9761","2,9134","20,65M","0,68%"
"11.09.2020","2,9206","2,9268","2,9394","2,8560","18,22M","-0,37%"
"10.09.2020","2,9313","2,9779","2,9788","2,9089","22,56M","-2,15%"
"09.09.2020","2,9959","2,9268","3,0004","2,9098","21,63M","2,01%"
"08.09.2020","2,9367","2,9672","3,0120","2,9026","40,27M","-1,21%"
"07.09.2020","2,9726","2,9654","2,9824","2,8838","24,23M","0,61%"
"04.09.2020","2,9546","2,9842","3,0335","2,9188","24,59M","-0,90%"
"03.09.2020","2,9815","2,9358","3,0353","2,9358","21,28M","1,93%"
"02.09.2020","2,9251","2,9000","2,9510","2,8731","28,75M","0,49%"
"01.09.2020","2,9107","3,0030","3,0066","2,8722","42,95M","-1,93%"
"31.08.2020","2,9681","3,0595","3,0649","2,9591","21,80M","-2,33%"
"28.08.2020","3,0389","3,0864","3,1106","3,0326","13,88M","-1,31%"
"27.08.2020","3,0792","3,0936","3,1061","2,9878","25,29M","-0,95%"
"26.08.2020","3,1088","3,1393","3,1814","3,0882","11,62M","-1,34%"
"25.08.2020","3,1510","3,2182","3,2809","3,1510","21,33M","-1,95%"
"24.08.2020","3,2137","3,1456","3,2164","3,1241","10,84M","2,96%"
"21.08.2020","3,1214","3,1501","3,1716","3,1133","34,46M","-0,85%"
"20.08.2020","3,1483","3,2003","3,2003","3,1205","15,25M","-2,71%"
"19.08.2020","3,2361","3,1662","3,2361","3,1465","15,79M","2,41%"
"18.08.2020","3,1599","3,1886","3,2388","3,1501","13,71M","-1,54%"
"17.08.2020","3,2092","3,2370","3,2576","3,1904","15,78M","-1,40%"
"14.08.2020","3,2549","3,2648","3,2765","3,1859","13,97M","-0,68%"
"13.08.2020","3,2773","3,2549","3,3302","3,2487","25,85M","0,30%"
"12.08.2020","3,2675","3,2639","3,3437","3,2585","15,08M","0,11%"
"11.08.2020","3,2639","3,2271","3,3168","3,2236","22,96M","2,62%"
"10.08.2020","3,1805","3,1518","3,1805","3,0918","15,99M","2,22%"
"07.08.2020","3,1115","3,0927","3,1214","3,0514","17,26M","1,17%"
"06.08.2020","3,0757","3,2003","3,2003","3,0712","28,72M","-3,92%"
"05.08.2020","3,2012","3,3347","3,3688","3,1895","17,85M","-3,04%"
"04.08.2020","3,3016","3,2271","3,3231","3,2227","16,83M","2,31%"
"03.08.2020","3,2271","3,1823","3,2352","3,1339","24,58M","1,47%"
"31.07.2020","3,1805","3,3383","3,3509","3,1805","26,66M","-4,34%"
"30.07.2020","3,3249","3,4190","3,4324","3,2612","39,49M","-3,01%"
"29.07.2020","3,4279","3,4082","3,4288","3,3311","22,48M","1,06%"
"28.07.2020","3,3921","3,3526","3,4118","3,3042","16,33M","1,28%"
"27.07.2020","3,3491","3,4674","3,4674","3,3329","21,72M","-3,36%"
"24.07.2020","3,4656","3,5714","3,5714","3,4656","18,20M","-2,79%"
"23.07.2020","3,5651","3,6243","3,6395","3,5534","16,35M","-1,61%"
"22.07.2020","3,6234","3,6852","3,7381","3,6153","12,36M","-1,58%"
"21.07.2020","3,6816","3,7605","3,7785","3,6512","16,72M","-1,18%"
"20.07.2020","3,7256","3,6888","3,7426","3,6234","11,57M","0,53%"
"17.07.2020","3,7058","3,6942","3,7175","3,6431","13,26M","-0,36%"
"16.07.2020","3,7193","3,6494","3,7399","3,6494","21,56M","0,80%"
"15.07.2020","3,6897","3,7525","3,7623","3,5588","32,79M","-1,25%"
"14.07.2020","3,7363","3,6216","3,7480","3,6162","18,08M","2,08%"
"13.07.2020","3,6601","3,6368","3,6745","3,6126","18,79M","2,10%"
"10.07.2020","3,5848","3,5266","3,5848","3,4988","18,76M","1,24%"
"09.07.2020","3,5409","3,6126","3,6189","3,5041","28,46M","-1,25%"
"08.07.2020","3,5857","3,6395","3,6879","3,5857","18,60M","-1,84%"
"07.07.2020","3,6530","3,7372","3,7417","3,6359","26,67M","-3,23%"
"06.07.2020","3,7749","3,8009","3,8824","3,7534","16,56M","1,45%"
"03.07.2020","3,7211","3,8349","3,8439","3,7023","13,48M","-2,79%"
"02.07.2020","3,8278","3,8125","3,8914","3,7560","28,71M","1,02%"
"01.07.2020","3,7892","3,7767","3,8170","3,7211","28,19M","-0,47%"
"30.06.2020","3,8071","3,8412","3,8726","3,7650","14,87M","-1,64%"
"29.06.2020","3,8708","3,7758","3,9013","3,7560","83,28M","2,52%"
"26.06.2020","3,7758","3,9013","3,9264","3,7587","19,00M","-2,00%"
"25.06.2020","3,8529","3,7596","3,8717","3,7157","26,82M","2,33%"
"24.06.2020","3,7650","3,8457","3,8520","3,7569","21,05M","-2,23%"
"23.06.2020","3,8511","3,8636","3,9264","3,8036","16,54M","0,59%"
"22.06.2020","3,8287","3,9542","3,9559","3,8179","25,03M","-3,37%"
"19.06.2020","3,9622","3,9461","3,9739","3,9255","56,94M","1,21%"
"18.06.2020","3,9147","4,0339","4,0420","3,8833","50,87M","-3,79%"
"17.06.2020","4,0689","4,0877","4,1854","4,0160","25,52M","-1,66%"
"16.06.2020","4,1378","3,9910","4,2400","3,9578","54,93M","6,04%"
"15.06.2020","3,9019","3,9150","3,9307","3,8050","31,42M","-1,65%"
"12.06.2020","3,9674","3,9115","4,0487","3,8967","71,31M","1,11%"
"11.06.2020","3,9238","4,0653","4,0714","3,9238","35,74M","-6,42%"
"10.06.2020","4,1928","4,2784","4,3247","4,1910","27,78M","-1,23%"
"09.06.2020","4,2452","4,3413","4,3483","4,2111","26,56M","-1,90%"
"08.06.2020","4,3273","4,1928","4,3780","4,1666","27,07M","1,81%"
"05.06.2020","4,2504","4,1046","4,2994","4,0792","32,88M","4,80%"
"04.06.2020","4,0557","4,0443","4,1142","4,0137","42,32M","-0,32%"
"03.06.2020","4,0688","3,9377","4,0854","3,9028","30,02M","4,44%"
"02.06.2020","3,8958","3,8609","3,9342","3,8172","32,28M","1,36%"
"01.06.2020","3,8434","3,7980","3,9255","3,7657","27,65M","3,75%"
"29.05.2020","3,7045","3,7386","3,7945","3,6774","48,40M","-2,24%"
"28.05.2020","3,7892","3,6757","3,8137","3,6451","50,35M","4,35%"
"27.05.2020","3,6311","3,5647","3,7150","3,5482","38,10M","2,36%"
"26.05.2020","3,5473","3,7028","3,7176","3,5185","30,09M","-3,88%"
"25.05.2020","3,6905","3,6084","3,7167","3,5901","60,53M","3,05%"
"22.05.2020","3,5813","3,5508","3,6835","3,5377","42,37M","-0,29%"
"21.05.2020","3,5918","3,4573","3,6241","3,4311","34,56M","2,42%"
"20.05.2020","3,5071","3,4154","3,5071","3,2852","45,69M","2,95%"
"19.05.2020","3,4066","3,8102","3,8242","3,3900","56,59M","-9,43%"
"18.05.2020","3,7613","3,7194","3,7849","3,7063","25,27M","2,65%"
"15.05.2020","3,6643","3,7063","3,7473","3,6504","18,47M","-0,99%"
"14.05.2020","3,7010","3,6154","3,7159","3,5910","16,67M","1,34%"
"13.05.2020","3,6521","3,7622","3,7709","3,6442","24,75M","-3,20%"
"12.05.2020","3,7726","3,6582","3,8041","3,6372","18,27M","2,96%"
"11.05.2020","3,6643","3,7255","3,7272","3,6110","10,36M","-0,47%"
"08.05.2020","3,6818","3,8076","3,8076","3,6469","17,00M","-1,61%"
"07.05.2020","3,7421","3,8871","3,9045","3,6469","21,35M","0,07%"
"06.05.2020","3,7394","3,8259","3,8416","3,7394","13,34M","-2,26%"
"05.05.2020","3,8259","3,8434","3,8679","3,7525","35,97M","1,88%"
"04.05.2020","3,7552","3,7124","3,8259","3,6600","32,45M","2,85%"
"30.04.2020","3,6512","3,6512","3,7010","3,6093","27,68M","0,00%"
"29.04.2020","3,6512","3,5377","3,6512","3,5307","13,16M","3,08%"
"28.04.2020","3,5420","3,5036","3,5875","3,4940","12,12M","0,72%"
"27.04.2020","3,5167","3,5604","3,5630","3,5036","9,06M","1,33%"
"24.04.2020","3,4704","3,4826","3,5988","3,4477","13,86M","-1,61%"
"23.04.2020","3,5272","3,5115","3,5438","3,4608","10,31M","0,65%"
"22.04.2020","3,5045","3,4591","3,5464","3,4390","18,40M","2,45%"
"21.04.2020","3,4206","3,5141","3,5263","3,4206","23,22M","-4,09%"
"20.04.2020","3,5665","3,6669","3,6669","3,4966","14,89M","-0,63%"
"17.04.2020","3,5892","3,6600","3,6949","3,5525","22,50M","0,29%"
"16.04.2020","3,5787","3,6600","3,6687","3,5464","16,39M","-0,92%"
"15.04.2020","3,6119","3,7657","3,7892","3,5857","18,19M","-4,33%"
"14.04.2020","3,7753","3,9115","3,9115","3,7132","35,36M","-0,05%"
"09.04.2020","3,7770","3,8539","3,8609","3,6966","16,77M","-1,01%"
"08.04.2020","3,8154","3,7735","3,8320","3,7080","10,91M","-0,64%"
"07.04.2020","3,8399","3,8862","3,9395","3,7735","21,76M","1,76%"
"06.04.2020","3,7735","3,6338","3,7822","3,6006","21,39M","6,80%"
"03.04.2020","3,5333","3,5420","3,5621","3,4765","24,26M","-0,59%"
"02.04.2020","3,5543","3,5377","3,5761","3,3822","22,85M","1,22%"
"01.04.2020","3,5115","3,5551","3,6355","3,4957","21,92M","-3,68%"
"31.03.2020","3,6455","3,6399","3,6669","3,5385","21,48M","0,86%"
"30.03.2020","3,6145","3,5639","3,6447","3,4940","20,28M","0,22%"
"27.03.2020","3,6067","3,6993","3,6993","3,5346","43,27M","-3,45%"
"26.03.2020","3,7355","3,7997","3,8163","3,6425","39,95M","-3,90%"
"25.03.2020","3,8871","4,0526","4,0530","3,7560","24,54M","-1,40%"
"24.03.2020","3,9421","3,8224","3,9421","3,7211","25,27M","6,94%"
"23.03.2020","3,6862","3,7220","3,8347","3,6407","24,66M","-3,91%"
"20.03.2020","3,8360","4,2264","4,2365","3,7560","47,21M","-5,62%"
"19.03.2020","4,0644","3,8858","4,1841","3,8347","49,71M","7,05%"
"18.03.2020","3,7967","3,7517","4,2229","3,5377","43,15M","0,21%"
"17.03.2020","3,7888","3,3962","3,8547","3,1905","36,05M","17,80%"
"16.03.2020","3,2162","3,3822","3,3883","3,0861","64,36M","-5,19%"
"13.03.2020","3,3922","3,4940","3,7386","3,2529","44,86M","2,18%"
"12.03.2020","3,3197","3,6377","3,7015","3,3044","77,14M","-14,00%"
"11.03.2020","3,8600","3,9111","4,0522","3,8172","40,31M","0,18%"
"10.03.2020","3,8530","4,0801","4,2028","3,8434","40,71M","-3,97%"
"09.03.2020","4,0124","4,1740","4,2937","4,0124","55,99M","-9,81%"
"06.03.2020","4,4487","4,4548","4,5099","4,3876","29,29M","-1,98%"
"05.03.2020","4,5387","4,7178","4,7256","4,5073","28,35M","-3,53%"
"04.03.2020","4,7047","4,6304","4,7099","4,5920","32,03M","1,95%"
"03.03.2020","4,6147","4,7169","4,7579","4,5946","48,78M","-1,12%"
"02.03.2020","4,6671","4,7868","4,7920","4,5798","31,65M","-0,32%"
"28.02.2020","4,6820","4,9003","4,9038","4,6164","57,23M","-6,03%"
"27.02.2020","4,9824","5,0663","5,0995","4,9126","39,47M","-2,38%"
"26.02.2020","5,1039","5,0654","5,1405","4,9798","31,53M","0,34%"
"25.02.2020","5,0864","5,2724","5,2759","5,0715","36,02M","-2,90%"
"24.02.2020","5,2384","5,2410","5,3336","5,2061","27,54M","-1,85%"
"21.02.2020","5,3371","5,4629","5,4664","5,3135","37,88M","-2,86%"
"20.02.2020","5,4943","5,5467","5,5694","5,3563","46,75M","-3,82%"
"19.02.2020","5,7127","5,7127","5,7389","5,6131","19,51M","0,14%"
"18.02.2020","5,7048","5,5467","5,7057","5,5415","24,46M","2,32%"
"17.02.2020","5,5755","5,4821","5,5817","5,4690","13,87M","2,18%"
"14.02.2020","5,4567","5,4393","5,4917","5,4323","10,19M","0,21%"
"13.02.2020","5,4454","5,4987","5,5144","5,4113","19,42M","-1,52%"
"12.02.2020","5,5292","5,4157","5,5292","5,4000","37,01M","2,59%"
"11.02.2020","5,3895","5,4157","5,4428","5,3816","19,27M","-0,11%"
"10.02.2020","5,3956","5,4157","5,4742","5,3869","7,67M","-0,63%"
"07.02.2020","5,4297","5,4227","5,4428","5,4035","10,24M","-0,10%"
"06.02.2020","5,4349","5,3895","5,4602","5,3886","13,55M","1,02%"
"05.02.2020","5,3799","5,3808","5,4043","5,3502","16,68M","-0,29%"
"04.02.2020","5,3956","5,3633","5,4262","5,3458","11,41M","1,10%"
"03.02.2020","5,3371","5,3720","5,3886","5,3109","15,16M","0,02%"
"31.01.2020","5,3362","5,3746","5,4332","5,3292","19,19M","-0,81%"
"30.01.2020","5,3799","5,3720","5,4008","5,3476","17,05M","-0,66%"
"29.01.2020","5,4157","5,4594","5,4987","5,4052","13,73M","-1,10%"
"28.01.2020","5,4760","5,3266","5,4812","5,2995","16,51M","3,76%"
"27.01.2020","5,2777","5,3021","5,3318","5,2637","12,36M","-1,24%"
"24.01.2020","5,3441","5,4113","5,4332","5,3327","19,05M","-1,04%"
"23.01.2020","5,4000","5,4585","5,4725","5,3598","19,42M","-1,36%"
"22.01.2020","5,4742","5,5624","5,5624","5,4367","25,95M","-1,03%"
"21.01.2020","5,5310","5,4882","5,5817","5,4672","51,51M","0,24%"
"20.01.2020","5,5179","5,4209","5,5231","5,3886","24,61M","2,72%"
"17.01.2020","5,3720","5,3545","5,3851","5,3414","40,34M","0,82%"
"16.01.2020","5,3283","5,2593","5,3283","5,2340","13,97M","1,04%"
"15.01.2020","5,2733","5,2951","5,2986","5,2235","18,26M","-0,48%"
"14.01.2020","5,2986","5,3248","5,3266","5,2838","19,03M","-0,51%"
"13.01.2020","5,3257","5,4000","5,4026","5,3091","21,90M","-1,33%"
"10.01.2020","5,3973","5,4061","5,4218","5,3572","11,52M","-0,03%"
"09.01.2020","5,3991","5,4139","5,4419","5,3825","14,09M","0,32%"
"08.01.2020","5,3816","5,4480","5,4742","5,3781","23,61M","-1,41%"
"07.01.2020","5,4585","5,5423","5,5720","5,4515","14,29M","-1,51%"
"06.01.2020","5,5423","5,5092","5,5423","5,4401","8,62M","0,13%"
"03.01.2020","5,5354","5,5196","5,5485","5,4681","25,83M","0,08%"
"02.01.2020","5,5310","5,4856","5,5546","5,4681","21,19M","1,69%"